﻿<?xml version="1.0" encoding="utf-8"?><Search><pages Count="24"><page Index="1"><![CDATA[ANNUAL REPORT  KSE 2024]]></page><page Index="2"><![CDATA[]]></page><page Index="3"><![CDATA[Prototype Annual Book KSE 2024

        ANNUAL REPORT
       KSE 2024]]></page><page Index="4"><![CDATA[Prototype Annual Book KSE 2024


                                                           EDITORIAL

                                                                      Editorial
























        Tahun  2024  telah  menjadi  bukti  nyata  Karya  Salemba  Empat  (KSE)  dalam  menyediakan  beasiswa  dan
        meningkatkan  kesadaran  lingkungan.  Program  kami  tidak  hanya  mendukung  pendidikan  mahasiswa
        berprestasi tetapi juga mengajak mereka berkontribusi dalam pelestarian alam.

        Beasiswa yang kami salurkan telah membantu ratusan mahasiswa meraih pendidikan berkualitas. Selain
        itu,  berbagai  kegiatan  seperti  Gerakan  Pungut  Sampah  (GPS),  Gebyar  Ecobrick,  Serta  Technology  For
        Indonesia  (TFI)  menjadi  bagian  dari  langkah  nyata  kami  dalam  menghubungkan  pendidikan  dengan
        keberlanjutan lingkungan.

        Di  tahun  2025,  kami  berkomitmen  untuk  memperluas  dampak  program  ini  melalui  kolaborasi  dengan
        institusi pendidikan dan komunitas lingkungan. Kami ingin mencetak generasi yang tidak hanya unggul
        secara akademik, tetapi juga peduli terhadap masa depan bumi.
        Desain  Annual  Book  ini  mengusung  tema  earthy,  dengan  warna  alami  seperti  hijau,  cokelat,  dan  krem
        yang  mencerminkan  harmoni  antara  pendidikan  dan  lingkungan.  Tata  letak  yang  bersih  serta  elemen
        visual yang kuat memastikan laporan ini tersampaikan dengan jelas dan inspiratif.

        Terima kasih kepada semua pihak yang telah berkontribusi. Mari bersama membangun masa depan yang
        lebih baik melalui pendidikan dan kepedulian terhadap lingkungan.



        [Nama CEO/Direktur]
        [Posisi]
        [Perusahaan]



        ii | Editorial]]></page><page Index="5"><![CDATA[P
                                                         Prototype Annual Book KSE 2024rototype Annual Book KSE 2024

                                                          D
                                                          DAFTAR ISIAFTAR ISI
                                                              Table of Content




                                        Sampul                               i
                                        Editorial                            ii
                                        Daftar Isi                          iii
                                        Contoh Layout I (Awalan BAB)        1
                                        Contoh Layout I (Awalan BAB II)     2
                                        Contoh Layout II | Variasi Artikel  4
                                        Contoh Layout III | Variasi Artikel  6
                                        Contoh Layout IV | Variasi Artikel  7
                                        Halaman Random                      8
                                        Penjelasan Prototype                9
                                        Konsep dan Identitas Visual        10
                                        Teknis Desain dan Layout           11
                                        Mock Up Annual Report              15
                                        Sampul belakang                    17




                                                             Table of Content


          Cover                              i
          Editorial                         ii
          Table of Contents                 iii
          Sample Layout I (Chapter Beginning)  1
          Sample Layout I (Chapter Beginning II)  2
          Sample Layout II | Article Variations  4
          Sample Layout III | Article Variations  6
          Sample Layout IV | Article Variations  7
          Random Pages                      8
          Prototype Explanation             9
          Concept and Visual Identity      10
          Technical Design and Layout      11
          Annual Report Mock Up            15
          Back Cover                       17


                                                                       Daftar Isi | iii]]></page><page Index="6"><![CDATA[Prototype Annual Book KSE 2024


        CONTOH LAYOUT I
        Awalan BAB]]></page><page Index="7"><![CDATA[Prototype Annual Book KSE 2024




                                                              Layout Sample I
                                                             Chapter Begining

































          Awalan  setiap  bab  akan  disajikan  dalam  dua
          halaman  dengan  kesatuan  desain.  dilengkapi
          dengan  ilustrasi  yang  sesuai  dengan  bab  yang
          akan  dibahas  serta  deskripsi  singkat  mengenai
          bab tersebut.



                                              The  beginning  of  each  chapter  will  be  presented  in
                                              two  pages  with  a  unified  design.  Complete  with
                                              illustrations that are appropriate to the chapter to be
                                              discussed and a brief description of the chapter.







                                                         Contoh Layout I (Awalan BAB) | 1
                                                                             iii]]></page><page Index="8"><![CDATA[Prototype Annual Book KSE 2024


        CONTOH LAYOUT I
        Awalan BAB II


























































        2 | Contoh Layout I (Awalan BAB II)]]></page><page Index="9"><![CDATA[Prototype Annual Book KSE 2024




                                                              Layout Sample I
                                                            II Chapter Begining

































          Awalan  setiap  bab  akan  disajikan  dalam  dua
          halaman  dengan  kesatuan  desain.  dilengkapi
          dengan  ilustrasi  yang  sesuai  dengan  bab  yang
          akan  dibahas  serta  deskripsi  singkat  mengenai
          bab tersebut.



                                              The  beginning  of  each  chapter  will  be  presented  in
                                              two  pages  with  a  unified  design.  Complete  with
                                              illustrations that are appropriate to the chapter to be
                                              discussed and a brief description of the chapter.







                                                         Contoh Layout I (Awalan BAB II) | 3
                                                                             iii]]></page><page Index="10"><![CDATA[Contoh Layout II | Variasi Artikel
        Prototype Annual Book KSE 2024

        Flat Design: Perpaduan Profesional
        dan Fun dalam Brand Identity


        Flat Design: A Blend of Professional and Fun in Brand Identity




















        Flat design telah menjadi gaya visual yang banyak  Flat design has become a widely used visual style in
        digunakan  dalam  dunia  desain  modern.  Dengan  the  modern  design  world.  With  a  minimalist
        pendekatan   minimalis   dan   fokus   pada  approach and focus on simplicity, this style provides
        kesederhanaan,  gaya  ini  memberikan  tampilan  a  clean,  modern,  and  easy-to-understand  look.
        yang bersih, modern, dan mudah dipahami. Ketika  When combined with an earthy color palette and the
        dipadukan  dengan  palet  warna  earthy  dan  use of sans serif fonts, flat design is an ideal choice
        penggunaan  font  sans  serif,  flat  design  menjadi  for  creating  brand  identities,  annual  books,  and
        pilihan  ideal  dalam  pembuatan  brand  identity,  magazines.
        annual book, maupun majalah.
        1.  Mengapa Flat Design?           1. Why Flat Design?
           Flat  design  menghilangkan  elemen  visual  Flat design eliminates excessive visual elements
           yang  berlebihan  seperti  bayangan,  tekstur,  such  as  shadows,  textures,  or  complex  three-
           atau  efek  tiga  dimensi  yang  kompleks.  Gaya  dimensional effects. This style emphasizes simple
           ini  lebih  mengutamakan  bentuk  sederhana,  shapes, solid colors, and clean layouts. With this
           warna  solid,  serta  tata  letak  yang  bersih.  approach,  information  can  be  conveyed  more
           Dengan  pendekatan  ini,  informasi  dapat  effectively without unnecessary distractions.
           tersampaikan  dengan  lebih  efektif  tanpa
           distraksi yang tidak perlu.











        4| Contoh Layout II (Variasi Artikel/Konten)]]></page><page Index="11"><![CDATA[Prototype Annual Book KSE 2024

          2.  Sans  Serif:  Bersih,  Modern,  dan  Mudah  2.  Sans  Serif:  Clean,  Modern,  and  Easy  to
              Dibaca
                                                  Read
              Penggunaan  font  sans  serif  semakin  The use of sans serif fonts further strengthens
              memperkuat  kesan  modern  dan  minimalis  the modern and minimalist impression in flat
              dalam  desain  flat.  Dengan  bentuk  huruf  design.  With  simple  letterforms  and  no
              yang  sederhana  dan  tanpa  dekorasi  excessive  decoration,  sans  serif  is  easier  to
              berlebihan, sans serif lebih mudah dibaca di  read at various sizes and media. This makes it
              berbagai   ukuran   dan   media.   Ini  a  very  suitable  choice  for  annual  books  and
              menjadikannya  pilihan  yang  sangat  cocok  magazines that require high readability and a
              untuk  annual  book  dan  majalah  yang  professional look.
              membutuhkan  keterbacaan  tinggi  serta
              tampilan profesional.








          3.  Palet Warna Earthy: Keseimbangan Alami  3.  Earthy  Color  Palette:  Natural  Balance
              dan Profesionalisme                and Professionalism
              Dalam  desain  brand  identity  maupun  In  brand  identity  and  annual  book  designs,
              annual   book,   warna-warna   Earthy  Earthy  colors  create  a  calming  and  credible
              menciptakan  nuansa  menenangkan  dan  feel. Earthy colors also show a commitment to
              kredibel.  Warna  earthy  juga  menunjukkan  sustainability  and  simplicity,  making  them  a
              komitmen  terhadap  keberlanjutan  dan  great choice for companies looking to build a
              kesederhanaan,   menjadikannya   pilihan  professional  image  with  a  more  humanistic
              tepat   bagi   perusahaan   yang   ingin  touch.
              membangun  citra  profesional  dengan
              sentuhan yang lebih humanis.










          Flat  design  dengan  palet  warna  earthy  dan  font  Flat  design  with  an  earthy  color  palette  and  sans
          sans serif adalah kombinasi yang sempurna untuk  serif  fonts  is  the  perfect  combination  to  create  a
          menciptakan  desain  yang  profesional,  mudah  design  that  is  professional,  accessible,  yet  fun.  Its
          diakses,  namun  tetap  fun.  Kesederhanaannya  simplicity  allows  for  clearer  visual  communication,
          memungkinkan  komunikasi  visual  yang  lebih  while  the  natural  color  tones  and  clean  shapes
          jelas, sementara nuansa warna alami dan bentuk  reflect  a  balance  between  modernity  and  warmth.
          yang bersih mencerminkan keseimbangan antara  With  this  approach,  brand  identities  and  annual
          modernitas dan kehangatan. Dengan pendekatan  books  can  appear  more  attractive  and  memorable
          ini,  brand  identity  maupun  annual  book  dapat  to their audiences.
          tampil  lebih  menarik  dan  berkesan  bagi
          audiensnya.

                                                   Contoh Layout II (Variasi Artikel/Konten) | 5]]></page><page Index="12"><![CDATA[Contoh Layout III | Variasi Artikel
        Prototype Annual Book KSE 2024

                                                 Technology For
                                                  Indonesia (TFI)

                                                Achievement in

                                                                     2023





                                                             Capaian Program
                                                   Technology For Indonesia
                                                             pada Tahun 2023





                                                   Seeds & Energy
                                                   -SUPERIOR RICE SEEDS
                                                   -PLASTIC PYROLYSIS
                                                   -AUTOMATIC RICE PLANTING TOOL
                                                   -HYDRAN PUMPS
                                                   -PADDY DRYER


                                                   Processing
                                                   -TRACTOR AUTOPILOT


                                                   Post Harvest
                                                   -PADDY DRYER
                                                   -RICE THRESHER

                                                   Maintenance
                                                   -HANDY PADDY DOCTOR
                                                   -COCONUT COIR LIQUID
                                                     ORGANIC  FERTILIZER
                                                   -IRRIGATION SYSTEM





                                                                        Sumber:
                                                               Annual Report KSE 2023

        6 | Contoh Layout III (Variasi Artikel/Konten)]]></page><page Index="13"><![CDATA[Contoh Layout IV | Variasi Artikel




























































        Sumber:
        Annual Report KSE 2023]]></page><page Index="14"><![CDATA[Prototype Annual Book KSE 2024




















































                        Education teaches us how to think, and
                             nature teaches us how to live








        8 | Random Page]]></page><page Index="15"><![CDATA[PENJELASAN


                            PROTOTYPE



                      EXPLANATION OF PROTOTYPE















                                                              Penjelasan Prototype | 9]]></page><page Index="16"><![CDATA[Prototype Annual Book KSE 2024

                      KONSEP AND IDENTITAS VISUAL

                                                    Concept and Visual Identity




          Tata Letak                          Layout
          Annual  Book  ini  menggunakan  grid-based  layout  The  Annual  Book  uses  a  grid-based  layout  with  a
          dengan  format  paralel,  di  mana  bahasa  utama  di  parallel format, where the main language is on the
          kiri  dan  terjemahan  di  kanan,  memastikan  left and the translation is on the right, ensuring visual
          keseimbangan  visual  dan  keterbacaan  yang  balance and comfortable readability.
          nyaman.
          T
          Tipografi                           Typography
          Kombinasi  sans-serif  untuk  teks  utama  dan  judul  The combination of sans-serif for the main text and
          menciptakan  kesan  simpel  dan  elegan  serta  title  creates  a  simple  and  elegant  impression  and
          mempertimbangkan  pembacaan  dalam  media  considers  reading  in  both  digital  and  print  media.
          digital  maupun  media  cetak.  Perbandingan  The  comparison  of  font  sizes  is  in  accordance  with
          Ukuran font sesuai dengan golden ratio.    the golden ratio.


          Warna                               Color
          Pemilihan   palet   warna   bernuansa   Earthy  The  selection  of  an  Earthy  color  palette  gives  an
          memberikan   kesan   organik,   alami,   ramah  organic,  natural,  environmentally  friendly,  and
          lingkungan,    dan  pertumbuhan  disesuaikan  growth impression in accordance with the theme of
          dengan  tema  Annual  Book  KSE  2024  yaitu  the 2024 KSE Annual Book, namely Environment and
          Lingkungan dan Pendidikan.          Education.



          Elemen Visual                       Visual Elements
          Daya  tarik  visual  dari  keseluruhan  desain  ini  The visual appeal of the whole design lies in the flat
          terletak pada elemen ilustrasi bergaya flat design.  design style illustration elements. Flat design gives a
          Flat  design  memberikan  kesan  minimalis,  modern  minimalist,  modern  and  effective  impression  to
          dan  efektif  untuk  mendeskripsikan  suatu  konsep  describe a concept visually.
          secara visual.



          Navigasi & Hirarki                  Navigasi & Hirarki
          Ikon,  warna,  dan  tipografi  membantu  pembaca  Icons,  colors,  and  typography  help  readers  feel
          untuk merasakan navigasi yang intuitif. Kolom dan  intuitive  navigation.  Columns  and  typography  are
          tipografi  dibedakan  untuk  bahsa  utama  dan  differentiated  for  the  main  language  and  its
          terjemahannya.  Hirarki  informasi  yang  runtut    translations.  A  coherent  hierarchy  of  information  is
          diselingi  dengan  white  space  untuk  memberikan  interspersed  with  white  space  to  give  breathing
          ruang bernafas.                     space.
          10 | Konsep dan Identitas Visual]]></page><page Index="17"><![CDATA[Prototype Annual Book KSE 2024


                           TEKNIS DESAIN DAN LAYOUT
                               ANNUAL REPORT KSE 2024

                           Technical Design and Layout KSE Annual Report 2024




          Struktur dan Grid Dasar Layout
          Menggunakan  kertas  Ukuran  A4  (21  ×  29,7  cm),
          dengan  grid  dua  kolom.  Di-layout  dengan  Mirror
          Margins  agar  tata  letak  halaman  kiri  dan  kanan
          tetap  seimbang  jika  dicetak  menjadi  buku.
          Adapun  pengukuran  Grid  dasarnya  sebagai
          berikut:

                           21 cm
                                              1,7 cm        0,6 cm
                                                     2 cm          1,3 cm






                         5,6 cm     5,6 cm
             29,7 cm         A4                           A4


                                                      5,6 cm     5,6 cm







                       2 cm
                                    1,3 cm
                 1,3 cm       0,6 cm       1,7 cm                       1,3 cm


                                              Basic Layout Structure and Grid
                                              Using  A4  paper  (21  ×  29.7  cm),  with  a  two-column
                                              grid. Layout with Mirror Margins so that the left and
                                              right page layouts remain balanced when printed as
                                              a book. The basic Grid measurements are as follows:

                                                           Teknis Desain dan Layout | 11]]></page><page Index="18"><![CDATA[T

        Tipografi dan Hierarki Teks
        Kombinasi dua jenis font sans-serif, dengan pilihan Font Sebagai Berikut:
        Poppins                            Myriad

        Poppins Bold                       Myriad Reguler
           Untuk  Title  Cover,  maupun  title  dan  subtitle  Untuk  Keseluruhan  Text  Body  dan  Header-
           artikel atau konten.               Footer dalam annual report.
                                           Myriad Reguler Italics
                                              Untuk  Title  dan  subtitle  terjemahan.  di
                                              beberapa   Title,   diberikan   Bold   dan
                                              pengubahan warna untuk mempertegas kata.

        Ukuran  Font  terdiri  dari  beberapa  ukuran  untuk  menunjukkan  hierarki  kepenulisan  mulai  dari  Title-
        subtitle-...-text  body.  Variasi  ukuran  ditentukan  menggunakan  konsep  golden  ratio  yaitu  1:1,618,  untuk
        menciptakan variasi text yang nyaman dan seimbang, diantaranya 30pt, 18pt, 11 pt, 7pt:
        Ukuran Text                        Untuk  subtitle  bold  poppins,  menggunakan  9pt,
                                           ini  didasari  karena  ukuran  11pt  dari  Myriad
                                           Reguler sama dengan 9pt Poppins Bold:
        Ukuran Text                           Ukuran Text     Ukuran Text
         Ukuran Text                       hal  ini  dilakukan  untuk  menyeimbangkan  desain
         Ukuran Text                       agar sesuai dengan prinsip Optical Balance.

        Disamping Itu ada beberapa  numbering untuk memperjelas hirarki dari title ke subtitle ke subsubtitle
        berikutnya,  dan  pemberian  icon  untuk  bagian  bagian  sub  terpisah  namun  masih  sejajar  dalam  sebuah
        hirarki. yang di desain sebagai berikut:
        Title-Subtitle-subsubtitle-text body  Icon
        Flat Design                              Seeds & Energy

                                                 -SUPERIOR RICE SEEDS
                                                 -PLASTIC PYROLYSIS
        TextbodyTextbodyTextbodyTextTextbodyTextbo
                                                 -AUTOMATIC RICE PLANTING TOOL
        dyText bodyTextTextbodyTextbodyText bodyText
                                                 -HYDRAN PUMPS
        Mengapa Flat Design?                     -PADDY DRYER
        TextbodyTextbodyTextbodyTextTextbodyTextbdy
        TextTextbodyTextbodyTextbodyTextTextbodyTex
                                                 Post Harvest
         1. Mengapa Flat Design?
                                                 -PADDY DRYER
            Flat  design  menghilangkan  elemen  visual  -RICE THRESHER
            yang  berlebihan  seperti  bayangan,  tekstur,
            atau efek tiga dimensi yang kompleks. Gaya
            ini lebih mengutamakan bentuk sederhana,  Maintenance
            warna  solid,  serta  tata  letak  yang  bersih.  -HANDY PADDY DOCTOR
            Dengan  pendekatan  ini,  informasi  dapat  -COCONUT COIR LIQUID
            tersampaikan  dengan  lebih  efektif  tanpa    ORGANIC  FERTILIZER
            distraksi yang tidak perlu.          -IRRIGATION SYSTEM
         12 | Teknis Desain dan Layout]]></page><page Index="19"><![CDATA[Sistem Warna
        Pemilihan   palet   warna   bernuansa   Earthy  Perpanduan antara warna yang sudah ditentukan
        memberikan   kesan   organik,   alami,   ramah  membangun  dikombinasikan  untuk  membentuk
        lingkungan,   dan   pertumbuhan   disesuaikan  variasi  mode  yang  akan  di  aplikasikan  sesuai
        dengan  tema  Annual  Book  KSE  2024  yaitu  kebutuhan  desain  di  setiap  halaman.  Adapun
        Lingkungan  dan  Pendidikan.  Proses  desain  beberapa   variasi   mode   yang   sudah
        dilakukan  dengan  format  warna  RGB  yang  dikombinasikan sebegai berikut:
        disesuaikan  rentang  warnanya  dengan  format
        warna  CMYK  untuk  menghindari  perubahan
        warna saat dicetak nantinya. Adapun Palet warna
        yang  digunakan  dalam  prototype  ini  sebagai
        berikut :



                                                                  Light Mode






                #F1EAD8         #867641
                #F0E390         #3D4B25

                #D4B170         #42562C
                                                                  Neutral Mode
                #AF9E55         #758F56

                #A7A483         #939E7D

        walau  membawa  konsep  flat  design,  sistem
        pewarnaan dalam konsep ini di optimalkan untuk
        membuat  objek  grafis  lebih  hidup,  dengan
        menggunakan pewarnaan gradient pada ilustrasi
        maupun  penambahan  efek  shadow  pada
        beberapa objek timbul.
              Gradient        Shadow
                                                                  Dark Mode







                                                           Teknis Desain dan Layout | 13]]></page><page Index="20"><![CDATA[Elemen Desain
        Secara  umum  Elemen  desain  yang  ditonjolkan  Untuk  desain  gambar  realistis  juga  dikonsep
        dari konsep ini adalah penggunaan illustari yang  sedemikian  rupa.  Gambar  realistis  yang  memuat
        otentik  dan  original.  Dengan  gaya  ilustrasi  Flat  tokoh  (portrait)  akan  di  spotlight  tanpa  latar
        design  yang  dikombinasikan  dengan  pewarnaan  belakang. Untuk gambar umum, (landscape, alat,
        gradient,  ilustrasi  yang  dimuat  dalam  konsep  ini  gedung, foto ramai) akan di buat natural dan jika
        menghasilkan   artstyle   yang   otentik   dan  memungkinkan  akan  di  desain  dengan  spotlight
        eyecatching.                        objek utama dengan latar belakang di redupkan
                                            untuk menampakkan kontras.
        Proses  kreatif  pembuatan  ilustrasi  di  dikonsep
        sedemikian   rupa   agar   dapat   membantu
        menjelaskan  dan  merepresentasikan  informasi                Portrait
        yang  dimuat  di  setiap  halaman.  Proses  produksi
        illustrasi   juga   menggunakan   primsip
        perbandingan  Golden  Ratio  untuk  menciptakan
        ilustrasi  yang  seimbang  dan  presisi.  Adapun  Mirza Adityaswara
        beberapa sample ilustrasi original yang sudah di
                                                             Ketua Dewan Pembina
        buat untuk prototype ini sebagai berikut :
                                                                Chairperson of the
                                                                 Governing Board


                                                                 Landscape II
                                                            Memanfaatkan objek
                                                          utama sebagai spotlight,
                                                          meredupkan backgroud
                                                           untuk tempat informasi
                                                                    gambar.



                                            Untuk  elemen  desain  beru[a  Chart  atau  grafik
                                            yang  memuat  data,  dibuat  dengan  ilustrasi
                                            potongan  kayu  untuk  pie  chart  dan  aquarium
                                            untuk  bar chart:
                                           Pie Chart        Bar Chart

                                                   Laki-laki








                                           Perempuan         Laki-laki  Perempuan

        14 | Teknis Desain dan Layout]]></page><page Index="21"><![CDATA[Prototype Annual Book KSE 2024




                                                   Cover Depan dan belakang


























































                                                            Mockup Annual Report | 15]]></page><page Index="22"><![CDATA[Prototype Annual Book KSE 2024


























           Tampilan isi]]></page><page Index="23"><![CDATA[]]></page><page Index="24"><![CDATA[CONTOH EDITORIAL                   CONTOH EDITORIAL

        Tahun  2024  telah  menjadi  bukti  nyata  Karya  Tahun  2024  telah  menjadi  bukti  nyata  Karya
        Salemba  Empat  (KSE)  dalam  menyediakan  Salemba  Empat  (KSE)  dalam  menyediakan
        beasiswa   dan   meningkatkan   kesadaran  beasiswa   dan   meningkatkan   kesadaran
        lingkungan.   Program   kami   tidak   hanya  lingkungan.   Program   kami   tidak   hanya
        mendukung  pendidikan  mahasiswa  berprestasi  mendukung  pendidikan  mahasiswa  berprestasi
        tetapi juga mengajak mereka berkontribusi dalam  tetapi juga mengajak mereka berkontribusi dalam
        pelestarian alam.                  pelestarian alam.
        Di  tahun  2025,  kami  berkomitmen  untuk  Di  tahun  2025,  kami  berkomitmen  untuk
        memperluas   dampak   program   ini   melalui  memperluas   dampak   program   ini   melalui
        kolaborasi  dengan  institusi  pendidikan  dan  kolaborasi  dengan  institusi  pendidikan  dan
        komunitas  lingkungan.  Kami  ingin  mencetak  komunitas  lingkungan.  Kami  ingin  mencetak
        generasi  yang  tidak  hanya  unggul  secara  generasi  yang  tidak  hanya  unggul  secara
        akademik,  tetapi  juga  peduli  terhadap  masa  akademik,  tetapi  juga  peduli  terhadap  masa
        depan bumi.                        depan bumi.
        Desain Annual Book ini mengusung tema earthy,  Desain Annual Book ini mengusung tema earthy,
        dengan  warna  alami  seperti  hijau,  cokelat,  dan  dengan  warna  alami  seperti  hijau,  cokelat,  dan
        krem  yang  mencerminkan  harmoni  antara  krem  yang  mencerminkan  harmoni  antara
        pendidikan dan lingkungan. Tata letak yang bersih  pendidikan dan lingkungan. Tata letak yang bersih
        serta elemen visual yang kuat memastikan laporan  serta elemen visual yang kuat memastikan laporan
        ini tersampaikan dengan jelas dan inspiratif.  ini tersampaikan dengan jelas dan inspiratif.]]></page></pages></Search>